{"schema":6,"addons":[{"id":"langpack-en-GB@firefox.mozilla.org","icons":{"32":"https://addons.mozilla.org/static-server/img/addon-icons/default-32.2b26add4b394.png","64":"https://addons.mozilla.org/static-server/img/addon-icons/default-64.d144b50f2bb8.png","128":"https://addons.mozilla.org/static-server/img/addon-icons/default-128.452018499894.png"},"name":"Language: English (GB)","version":"122.0.20240103.91424","sourceURI":"https://addons.mozilla.org/firefox/downloads/file/4216338/english_gb_language_pack-122.0.20240103.91424.xpi","homepageURL":null,"supportURL":null,"amoListingURL":"https://addons.mozilla.org/en-US/firefox/addon/english-gb-language-pack/","description":"Firefox Language Pack for English (GB) (en-GB)","fullDescription":null,"weeklyDownloads":1194,"type":"locale","creator":{"name":"Mozilla Firefox","url":"https://addons.mozilla.org/en-US/firefox/user/4757633/"},"developers":[],"screenshots":[],"contributionURL":"","averageRating":3.7061,"reviewCount":261,"reviewURL":"https://addons.mozilla.org/en-US/firefox/addon/english-gb-language-pack/reviews/","updateDate":1704288930000},{"id":"langpack-en-CA@firefox.mozilla.org","icons":{"32":"https://addons.mozilla.org/static-server/img/addon-icons/default-32.2b26add4b394.png","64":"https://addons.mozilla.org/static-server/img/addon-icons/default-64.d144b50f2bb8.png","128":"https://addons.mozilla.org/static-server/img/addon-icons/default-128.452018499894.png"},"name":"Language: English (CA)","version":"122.0.20240103.91424","sourceURI":"https://addons.mozilla.org/firefox/downloads/file/4216337/english_ca_language_pack-122.0.20240103.91424.xpi","homepageURL":null,"supportURL":null,"amoListingURL":"https://addons.mozilla.org/en-US/firefox/addon/english-ca-language-pack/","description":"Firefox Language Pack for English (CA) (en-CA)","fullDescription":null,"weeklyDownloads":89,"type":"locale","creator":{"name":"Mozilla Firefox","url":"https://addons.mozilla.org/en-US/firefox/user/4757633/"},"developers":[],"screenshots":[],"contributionURL":"","averageRating":4.2154,"reviewCount":9,"reviewURL":"https://addons.mozilla.org/en-US/firefox/addon/english-ca-language-pack/reviews/","updateDate":1704288923000}]}